Rank,Title,Artist,link
1,"Yes, And?",Ariana Grande,catchimg\ariana-grande-da0-yesandX-4fd-180x180.jpg
2,Lovin On Me,Jack Harlow,catchimg\jackharlow-i43-lovinonme-y0w-180x180.jpg
3,Cruel Summer,Taylor Swift,catchimg\taylor-swift-9sy-cruelsummer-i1p-180x180.jpg
4,Greedy,Tate McRae,catchimg\tatemcrae-rxu-greedy-2h2-180x180.jpg
5,Redrum,21 Savage,catchimg\21-savage-iy5-180x180.jpg
6,I Remember Everything,Zach Bryan Featuring Kacey Musgraves,catchimg\zachbryan-de1-iremembereverything-to3-180x180.jpg
7,Paint The Town Red,Doja Cat,catchimg\dojacat-cqv-paintthetownred-unh-180x180.jpg
8,Lose Control,Teddy Swims,catchimg\teddyswims-vot-180x180.jpg
9,Snooze,SZA,catchimg\sza-xyh-snooze-eom-180x180.jpg
10,Nee-nah,"21 Savage, Travis Scott & Metro Boomin",catchimg\21-savage-iy5-180x180.jpg
